{"cameraMode":{"drawMode":0,"name":"Shaded","section":"Shading Mode"},"sceneLighting":true,"audioPlay":false,"sceneViewState":{"showFog":true,"showMaterialUpdate":false,"showSkybox":true,"showFlares":true,"showImageEffects":true,"showParticleSystems":true},"in2DMode":false,"pivot":{"x":-3.5641965866088869,"y":10.057263374328614,"z":1.8075711727142335},"rotation":{"x":0.019869327545166017,"y":0.9664298295974731,"z":-0.07968825846910477,"w":0.24358394742012025},"size":2.4914448261260988,"orthographic":false}